{"data": 
[{"country":"Malaysia","countryiso":"MYS","confirmed":2142924,"confirmedgrowthrate7days":0.00766785334471751357,"population2018":31528585,"activepercentage":0.00638385769611925}]
}
