{"data": 
[{"country":"Malaysia","countryiso":"MYS","confirmed":2142924,"doublingtimeconfirmed7days":90.7426422379182,"population2018":31528585,"activepercentage":0.00638385769611925}]
}
