{"data": 
[{"reportedon":"2021-09-22","country":"Malaysia","confirmed":2142924,"deaths":24565,"recovered":1917085,"active":201274,"mortality":0.0114633090114255,"deltaconfirmed":14990,"deltadeaths":487,"deltarecovered":19702,"deltaactive":-5199,"countryiso":"MYS","population2018":31528585,"activepercentage":0.00638385769611925}]
}
